Year,Per Capita
2017,315.600451
2018,316.98644
2019,317.459737
2020,308.441376
2021,321.431388
